timestamp,keyid,n,public_key,username
1718496758.7816513,13644417676506701611,113018109563835091020296620124406554125664700755960286980787771928322306147569067812593024237780237423876912208785899283691132106773152621220624493399631696349517285117764553299249835096324083055350510198306696860905066988919697480476620131021254643567398734652302549227192729043259090790016368546687058059051,65537,a
1718500012.9702606,7361127440024545651,101151309683970085285737150380553377005027442564625246278368050965185711627261279349058802716725344592642911624757788223344635024504016926946132083051705560260610164364684320212377844082843885986511094139543870329807084732792783957576830948086331305326176635320959396720163921162622104546939497555951683840371,65537,a
1718500126.6981492,12917461771362645059,101854567911807629527117330576005931450646976835434365305931832384767430435288508904894336643834938232119328558239120003869834555906952061087400861679968045442184128132707752582194398890960254017460199541842804707551779854318800541727722157526363916327759711550496070038296848039673149231703541336207746282563,65537,a
1718500130.9612303,5809418546205678585,93616119015636721962337703734909459160194819385166377524729102013021143642468880560275709386202233991421615423095729700608337501571261887404223664312740118959705620288300624478258159079932584382839314436331792786641394575423384260535392677610647730124012091714193410289044081778986953341510623001326905711609,65537,a
1718550422.3827333,2561082179828541027,110502562881209394660734812263823343912505465278287136858660816554892536613891462477339833833014661188526181194539901978258131611461592067231187857675045294261444196181286263337264467999026951812915387611587756513578811360648955495717696592315594761898978100107781979366835344572793427046940257324644213941859,65537,a
1718550426.1899989,8377778005003495515,120070933011652512996411199077850882942852948980342956432497372079315174622404055240771310561214922822294543020630031609926141949277810115456348092717881371115041762755549639967187849260096321879934620266921877599095873325942769609257826814586050962426801309328256013410376414771594370943081152192262825863259,65537,a
1718497525.8113444,7638882196020611309,155778336216938204261569423133042778561407709873123482518868863681015013163229615207931846805971991411252681963864625251268568541628877714973496904341297386147379068478298457875167918346250888900116475113492077249673640612269117781782478690485949820211223254600709151260964118598022555321858654452624675129581,65537,b
1718522725.9554212,11272144041422648727,103703445869603350533918449599617987979377222266025773277329455587696779391904567793703606587590819128548141715270543614747926347255037389496192612109404529718738255374035975603778421513758790742087784521417825213276345583957986164045321024100161061598395873896269325631889042953157827479444979604082337019287,65537,b
1718550366.5064626,10160403166765549037,168618770879649268786120467610693958317393889664336287747678815638403853521802980065611396957589577521862598307133304927286564146504595227474572740179676058982528644929645364580465446829485869527770915814773556952569503285361906270037215074769902622939914831727322338423325712444735365714838432889069139690989,65537,b
1718550392.5697787,14888762873665522073,104614091805976223600829089359598157485371808805650290199726718350000676533340252605712191327204208815222947069160680010337156587513616876989282387338399073225279316625080402734668380491479082513992911620242274760625000562925872792327605129540091081228683097335388578111503695506266138098938375237437862152601,65537,b
1718560044.8915827,4320853956361523933,90212297406446103727293679808243245083968465769869372096331087932125280894047274387513347523565512573687027970627150228015072649119631704553748856766399891473705588001321073033160621511511743490598374985479236262689578994090363293042825998951947632034141731897800658314624166048376587692157354165887020896989,65537,c
